method,category,cv_rmse,test_rmse,test_r2
Gaussian Process,Black-box benchmark,0.0513202888842078,0.04860384267590275,0.9849187901109495
GBRT,Black-box benchmark,0.0532471329464713,0.05202108221725994,0.9827235806613693
Random Forest,Black-box benchmark,0.0596831274620816,0.0558626013195015,0.9800778006273628
XGBoost,Black-box benchmark,0.0512665488945269,0.0605645631637096,0.9765829518182244
Final M4,Analytical model,0.05753177282412343,0.060613471751538577,0.9765451159242243
Exhaustive-6,Analytical model,0.06285301689084975,0.06671115624633457,0.971588647580994
PySR polynomial (seed mean),Symbolic benchmark,,0.0683,
