excluded_DOI,excluded_n,n,rmse_eV,mae_eV,bias_eV,r2
10.1021/acsenergylett.6c00227,4,16,0.04632572061297719,0.03841601659197531,0.02786523368901657,0.9289720663878905
10.1021/acsenergylett.6c00156,3,17,0.04489286945697395,0.03688011523106588,0.024347613135267343,0.9335720358120245
10.1021/acsaelm.6c00264,1,19,0.042744623919676164,0.03419916403023184,0.022816532259112288,0.9283170581979856
10.1021/acsenergylett.6c01038,1,19,0.04273378895764417,0.034101025202006405,0.022319837732309968,0.9299136430094664
10.1021/acsenergylett.6c00771,1,19,0.04259885987371414,0.0335651057478896,0.023450590541454527,0.9094776160522302
10.1021/acsenergylett.6c00617,1,19,0.04236937764681326,0.033086688665017766,0.02392900762432636,0.9121940751482132
10.1021/acsenergylett.6c00210,1,19,0.04201580444981767,0.03258432222884502,0.02443137406049911,0.9152576916582454
10.1038/s41563-026-02494-w,8,12,0.01572242457242051,0.012515394497554233,-0.00613815232946513,0.9933563471959713
