{
  "n": 30,
  "mean": 0.0635144777994188,
  "sample_std": 0.0008620075858555739,
  "population_std": 0.0008475190315287731,
  "min": 0.06110728656401483,
  "q1": 0.06338203768023457,
  "median": 0.063386362152148,
  "q3": 0.06448283060273247,
  "max": 0.06468185740655732,
  "iqr": 0.0011007929224979007
}
