structure_id,frequency,run_ids,cv_rmse_mean,cv_rmse_std,cv_r2,train_rmse,term_count,canonical_structure
S1,8,09;10;12;13;16;19;21;23,0.063386362152148,0.007821915513343498,0.9574445658135362,0.05842734309989032,11,Sn + Br + Cl + Cs + Sn^2 + Br^2 + Cl^2 + Cs^2 + Sn*Br + Sn*Cl + Cs*Br
S2,8,04;11;20;25;26;27;29;30,0.06338203768023457,0.00782036507578896,0.9574507163161667,0.05844407559499436,10,Sn + Br + Cl + Cs + Sn^2 + Br^2 + Cl^2 + Sn*Br + Sn*Cl + Cs*Br
S3,7,06;08;14;17;18;24;28,0.06448283060273247,0.014237409552935147,0.9547757036646185,0.056616077838333854,11,Sn + Br + Cl + Cs + Sn^2 + Br^2 + Cl^2 + Sn*Br + Sn*Cl + Cs*Br + Cs*Cl
S4,2,03;05,0.06468185740655732,0.003528517362879069,0.9561253527642773,0.05979748006519739,10,Sn + Br + Cl + Cs + Sn^2 + Br*Cl + Sn*Br + Sn*Cl + Cs*Sn + Cs*Br
S5,2,02;15,0.06282091764690433,0.008196315431350108,0.9581409682168505,0.05842777928602165,10,Sn + Br + Cl + Cs + Sn^2 + Br^2 + Cs^2 + Sn*Br + Sn*Cl + Cs*Br
S6,2,07;22,0.06189724221671887,0.00984181560717697,0.9590914967700696,0.056566106437258144,11,Sn + Br + Cl + Cs + Sn^2 + Br^2 + Cs^2 + Sn*Br + Sn*Cl + Cs*Br + Cs*Cl
S7,1,01,0.06110728656401483,0.008154388994671026,0.9603630848830402,0.055911815897707204,10,Sn + Br + Cl + Cs + Sn^2 + Br^2 + Cl^2 + Sn*Br + Sn*Cl + Cs*Sn
